Link Name,Center of Mass X,Center of Mass Y,Center of Mass Z,Center of Mass Roll,Center of Mass Pitch,Center of Mass Yaw,Mass,Moment Ixx,Moment Ixy,Moment Ixz,Moment Iyy,Moment Iyz,Moment Izz,Visual X,Visual Y,Visual Z,Visual Roll,Visual Pitch,Visual Yaw,Mesh Filename,Color Red,Color Green,Color Blue,Color Alpha,Collision X,Collision Y,Collision Z,Collision Roll,Collision Pitch,Collision Yaw,Collision Mesh Filename,Material Name,SW Components,Coordinate System,Axis Name,Joint Name,Joint Type,Joint Origin X,Joint Origin Y,Joint Origin Z,Joint Origin Roll,Joint Origin Pitch,Joint Origin Yaw,Parent,Joint Axis X,Joint Axis Y,Joint Axis Z,Limit Effort,Limit Velocity,Limit Lower,Limit Upper,Calibration rising,Calibration falling,Dynamics Damping,Dynamics Friction,Safety Soft Upper,Safety Soft Lower,Safety K Position,Safety K Velocity
base_link,6.71356636725352E-17,-1.27076706698734E-17,0.0142633726239836,0,0,0,1.69468639474749,0.00904280723190693,3.12762646626918E-18,1.31758038514141E-18,0.0090458644392083,3.85128228357162E-18,0.0176292532225639,0,0,0,0,0,0,package://human_gripper/meshes/base_link.STL,0.996078431372549,0.870588235294118,0.76078431372549,1,0,0,0,0,0,0,package://human_gripper/meshes/base_link.STL,,base-1,Origin_global,,,,0,0,0,0,0,0,,0,0,0,,,,,,,,,,,,
forearm_link,-4.78812849783543E-07,0.134640348433116,1.67484504085117E-07,0,0,0,0.638794751414868,0.00299743541247599,4.95488355001862E-09,-7.1290178298097E-07,0.000298476687597191,-1.13107816786113E-09,0.00307188487059437,0,0,0,0,0,0,package://human_gripper/meshes/forearm_link.STL,0.996078431372549,0.870588235294118,0.76078431372549,1,0,0,0,0,0,0,package://human_gripper/meshes/forearm_link.STL,,forearm-1,Origin_forearm_joint,Axis_forearm_joint,forearm_joint,revolute,0,0,0.32385,-1.5708,0,-1.5708,base_link,1,0,0,0,0,-3.14,3.14,,,,,,,,
wrist_link,-3.28934053280086E-09,-0.0211267199232885,1.06352180413287E-09,0,0,0,0.0372302837619069,9.23273302789265E-06,1.02839973787249E-13,1.2941450005253E-12,7.40535123579683E-06,-2.08691757780117E-13,8.71498015167162E-06,0,0,0,0,0,0,package://human_gripper/meshes/wrist_link.STL,0.996078431372549,0.870588235294118,0.76078431372549,1,0,0,0,0,0,0,package://human_gripper/meshes/wrist_link.STL,,forearm2-1,Origin_wrist_joint,Axis_wrist_joint,wrist_joint,revolute,0,-0.0508,0,3.1416,0,0,forearm_link,1,0,0,0,0,-3.14,3.14,,,,,,,,
palm_link,-0.00119336840746197,0.0300712674605141,-0.00091012287422356,0,0,0,0.114791383307726,7.50939182617079E-05,6.65638539861659E-07,4.85652970448698E-07,4.66720153936397E-05,1.02324709129721E-06,0.000113107709640246,0,0,0,0,0,0,package://human_gripper/meshes/palm_link.STL,0.996078431372549,0.870588235294118,0.76078431372549,1,0,0,0,0,0,0,package://human_gripper/meshes/palm_link.STL,,palm-1,Origin_palm_joint,Axis_palm_joint,palm_joint,revolute,0,0.01,0,3.1416,0,3.1416,wrist_link,0,1,0,0,0,-3.14,3.14,,,,,,,,
thumb_link1,-0.00167345972367144,0.00807719433901594,-3.46944695195361E-18,0,0,0,0.00240268825111335,1.76484631348403E-07,-9.16809905808226E-09,7.44462551297725E-24,4.92561053964031E-08,-5.9557004103818E-23,1.62427329452572E-07,0,0,0,0,0,0,package://human_gripper/meshes/thumb_link1.STL,0.996078431372549,0.870588235294118,0.76078431372549,1,0,0,0,0,0,0,package://human_gripper/meshes/thumb_link1.STL,,midfinger-3,Origin_thumb_joint1,Axis_thumb_joint1,thumb_joint1,revolute,-0.043071,0.035074,0.018806,0.87388,0.045212,1.5421,palm_link,1,0,0,0,0,-1.68,1.68,,,,,,,,
thumb_link2,0.00535811488713883,0.0171005825205763,-0.000355615193960865,0,0,0,0.00289328902555641,1.96360217433781E-07,-1.28300377400892E-08,3.40358380444797E-10,5.91260730877535E-08,8.32766855290308E-09,1.87618429811029E-07,0,0,0,0,0,0,package://human_gripper/meshes/thumb_link2.STL,0.996078431372549,0.870588235294118,0.76078431372549,1,0,0,0,0,0,0,package://human_gripper/meshes/thumb_link2.STL,,fingertip-2,Origin_thumb_joint2,Axis_thumb_joint2,thumb_joint2,revolute,-0.00762,0.013154,0.00012114,0,0,0,thumb_link1,1,0,0,0,0,-1.68,1.68,,,,,,,,
index_link1,-0.00167345972367164,-0.00807719433901583,2.47112769377563E-18,0,0,0,0.00240268825111335,1.76484631348403E-07,9.16809905808183E-09,-2.79332824747062E-24,4.92561053964031E-08,4.31660408866144E-23,1.62427329452572E-07,0,0,0,0,0,0,package://human_gripper/meshes/index_link1.STL,0.996078431372549,0.870588235294118,0.76078431372549,1,0,0,0,0,0,0,package://human_gripper/meshes/index_link1.STL,,midfinger-1,Origin_index_joint1,Axis_index_joint1,index_joint1,revolute,-0.03447,0.079413,0,0,0,-3.1416,palm_link,1,0,0,0,0,-1.68,1.68,,,,,,,,
index_link2,-0.00167345972367164,0.0080771943390161,2.90431842060961E-18,0,0,0,0.00240268825111335,1.76484631348403E-07,-9.16809905808196E-09,-7.34841582799273E-24,4.92561053964031E-08,-3.41780821519902E-23,1.62427329452572E-07,0,0,0,0,0,0,package://human_gripper/meshes/index_link2.STL,0.996078431372549,0.870588235294118,0.76078431372549,1,0,0,0,0,0,0,package://human_gripper/meshes/index_link2.STL,,midfinger-2,Origin_index_joint2,Axis_index_joint2,index_joint2,revolute,-0.006604,-0.01905,0,0,0,-3.1416,index_link1,1,0,0,0,0,-1.68,1.68,,,,,,,,
index_link3,0.0053581224033576,0.0171005581521176,-0.000355603302972103,0,0,0,0.00289329555307361,1.96360404134969E-07,-1.28299317796072E-08,3.40314443007941E-10,5.9126028268678E-08,8.32811625228175E-09,1.87618609285876E-07,0,0,0,0,0,0,package://human_gripper/meshes/index_link3.STL,0.996078431372549,0.870588235294118,0.76078431372549,1,0,0,0,0,0,0,package://human_gripper/meshes/index_link3.STL,,fingertip-1,Origin_index_joint3,Axis_index_joint3,index_joint3,revolute,-0.00762,0.013154,0.00012114,0,0,0,index_link2,1,0,0,0,0,-1.68,1.68,,,,,,,,
middle_link1,-0.00167345972367165,-0.00807719433901605,-8.00904317139126E-17,0,0,0,0.00240268825111335,1.76484631348403E-07,9.16809905808184E-09,5.23168959235947E-25,4.92561053964031E-08,2.66604203086356E-23,1.62427329452572E-07,0,0,0,0,0,0,package://human_gripper/meshes/middle_link1.STL,0.996078431372549,0.870588235294118,0.76078431372549,1,0,0,0,0,0,0,package://human_gripper/meshes/middle_link1.STL,,midfinger-5,Origin_middle_joint1,Axis_middle_joint1,middle_joint1,revolute,-0.012954,0.07763,0,0,0,-3.1416,palm_link,1,0,0,0,0,-1.68,1.68,,,,,,,,
middle_link2,-0.00167345972367161,0.00807719433901599,-5.27387453955423E-17,0,0,0,0.00240268825111335,1.76484631348402E-07,-9.16809905808195E-09,-4.11021577493153E-24,4.92561053964031E-08,-3.81176612517299E-23,1.62427329452571E-07,0,0,0,0,0,0,package://human_gripper/meshes/middle_link2.STL,0.996078431372549,0.870588235294118,0.76078431372549,1,0,0,0,0,0,0,package://human_gripper/meshes/middle_link2.STL,,midfinger-4,Origin_middle_joint2,Axis_middle_joint2,middle_joint2,revolute,-0.006604,-0.01905,0,0,0,-3.1416,middle_link1,1,0,0,0,0,-1.68,1.68,,,,,,,,
middle_link3,0.00535812218701246,0.0168752861021476,-0.00278931248018033,0,0,0,0.00289329555307363,1.96360404459806E-07,-1.26504380095838E-08,2.16548768508317E-09,6.40860956299162E-08,2.61167982250026E-08,1.82658541600174E-07,0,0,0,0,0,0,package://human_gripper/meshes/middle_link3.STL,0.996078431372549,0.870588235294118,0.76078431372549,1,0,0,0,0,0,0,package://human_gripper/meshes/middle_link3.STL,,fingertip-3,Origin_middle_joint3,Axis_middle_joint3,middle_joint3,revolute,-0.00762,0.013154,0.00012114,0.14302,0,0,middle_link2,1,0,0,0,0,-1.68,1.68,,,,,,,,
ring_link1,-0.00167345972367164,-0.00807719433901632,-7.88822658542465E-17,0,0,0,0.00240268825111335,1.76484631348403E-07,9.16809905808184E-09,-1.51983622700526E-24,4.92561053964031E-08,3.20695034940921E-23,1.62427329452572E-07,0,0,0,0,0,0,package://human_gripper/meshes/ring_link1.STL,0.996078431372549,0.870588235294118,0.76078431372549,1,0,0,0,0,0,0,package://human_gripper/meshes/ring_link1.STL,,midfinger-9,Origin_ring_joint1,Axis_ring_joint1,ring_joint1,revolute,0.00729659183672577,0.0759519266218838,0,0,0,-3.14159265358979,palm_link,1,0,0,0,0,-1.68,1.68,,,,,,,,
ring_link2,-0.00167345972367163,0.0080771943390161,2.12743645597606E-18,0,0,0,0.00240268825111335,1.76484631348403E-07,-9.168099058082E-09,-6.92980374546649E-24,4.92561053964031E-08,-4.43704028132954E-23,1.62427329452572E-07,0,0,0,0,0,0,package://human_gripper/meshes/ring_link2.STL,0.996078431372549,0.870588235294118,0.76078431372549,1,0,0,0,0,0,0,package://human_gripper/meshes/ring_link2.STL,,midfinger-8,Origin_ring_joint2,Axis_ring_joint2,ring_joint2,revolute,-0.006604,-0.01905,0,0,0,-3.1416,ring_link1,1,0,0,0,0,-1.68,1.68,,,,,,,,
ring_link3,0.00535812240335761,0.0171005581521175,-0.000355603302972296,0,0,0,0.00289329555307361,1.96360404135111E-07,-1.28299317796067E-08,3.4031444300863E-10,5.91260282688063E-08,8.32811625236229E-09,1.8761860928589E-07,0,0,0,0,0,0,package://human_gripper/meshes/ring_link3.STL,0.996078431372549,0.870588235294118,0.76078431372549,1,0,0,0,0,0,0,package://human_gripper/meshes/ring_link3.STL,,fingertip-5,Origin_ring_joint3,Axis_ring_joint3,ring_joint3,revolute,-0.00762,0.013154,0.00012114,0,0,0,ring_link2,1,0,0,0,0,-1.68,1.68,,,,,,,,
pinky_link1,-0.00167345972367159,-0.00807719433901621,-5.11005987829923E-17,0,0,0,0.00240268825111335,1.76484631348403E-07,9.16809905808185E-09,-3.72793734837169E-24,4.92561053964031E-08,4.3384944211024E-23,1.62427329452572E-07,0,0,0,0,0,0,package://human_gripper/meshes/pinky_link1.STL,0.996078431372549,0.870588235294118,0.76078431372549,1,0,0,0,0,0,0,package://human_gripper/meshes/pinky_link1.STL,,midfinger-7,Origin_pinky_joint1,Axis_pinky_joint1,pinky_joint1,revolute,0.027547,0.074274,0,0,0,-3.1416,palm_link,1,0,0,0,0,-1.68,1.68,,,,,,,,
pinky_link2,-0.00167345972367171,0.00807719433901621,-5.32384261118859E-17,0,0,0,0.00240268825111335,1.76484631348403E-07,-9.168099058082E-09,-5.61796095206792E-24,4.92561053964032E-08,-4.17475717860586E-23,1.62427329452572E-07,0,0,0,0,0,0,package://human_gripper/meshes/pinky_link2.STL,0.996078431372549,0.870588235294118,0.76078431372549,1,0,0,0,0,0,0,package://human_gripper/meshes/pinky_link2.STL,,midfinger-6,Origin_pinky_joint2,Axis_pinky_joint2,pinky_joint2,revolute,-0.006604,-0.01905,0,0,0,-3.1416,pinky_link1,1,0,0,0,0,-1.68,1.68,,,,,,,,
pinky_link3,0.00535812240335747,0.0171005581521171,-0.000355603302972158,0,0,0,0.00289329555307363,1.96360404135196E-07,-1.28299317796071E-08,3.4031444300777E-10,5.9126028268888E-08,8.32811625264431E-09,1.87618609285893E-07,0,0,0,0,0,0,package://human_gripper/meshes/pinky_link3.STL,0.996078431372549,0.870588235294118,0.76078431372549,1,0,0,0,0,0,0,package://human_gripper/meshes/pinky_link3.STL,,fingertip-4,Origin_pinky_joint3,Axis_pinky_joint3,pinky_joint3,revolute,-0.00762,0.013154,0.00012114,0,0,0,pinky_link2,1,0,0,0,0,-1.68,1.68,,,,,,,,
